query_id,gold_standard_cleaned,GPT-5_instant_cleaned,ClaudeSonnet-4.5_cleaned,Llama-3.1_8B_cleaned,Mistral_7B_cleaned
0,"prefix rdf: rdf: prefix rdfs: rdfs: prefix xsd: <http://www.w3.org/2001/xmlschema#> prefix dc: dc: prefix bfo: bfo: prefix obi: obi: prefix ro: ro: prefix iao: iao: prefix sio: sio: prefix duo: duo: prefix obcs: obcs: prefix stato: stato: prefix cdi: <http://ddialliance.org/specification/ddi-cdi/1.0/rdf/> prefix cd: cd: prefix cmeo: cmeo: select distinct ?var ?var ?var where { graph cmeo:graph/studies_metadata { ?var a obi:study_design_execution ; dc:identifier ?var ro:concretizes ?var ?var ro:has_part ?var . primary purpose specification ?var ro:has_part ?var . ?var a obi:objective_specification ; cmeo:has_value ?var . inclusion criteria pattern (optional) optional { ?var ro:has_part ?var . ?var a obi:inclusion_criterion ; cmeo:has_value ?var . } filter: only include studies where the primary purpose or inclusion criteria contain ""diabetes"" filter( regex(lcase(str(?purpose)), 'diabetes') || (bound(?inclusion) && regex(lcase(str(?inclusion)), 'diabetes')) ) } }","prefix rdf: rdf: prefix rdfs: rdfs: prefix xsd: <http://www.w3.org/2001/xmlschema#> prefix dc: dc: prefix bfo: bfo: prefix obi: obi: prefix ro: ro: prefix iao: iao: prefix sio: sio: prefix duo: duo: prefix obcs: obcs: prefix stato: stato: prefix cdi: <http://ddialliance.org/specification/ddi-cdi/1.0/rdf/> prefix cd: cd: prefix cmeo: cmeo: select distinct ?var ?var ?var where { graph cmeo:graph/studies_metadata { ?var a obi:study_design_execution ; dc:identifier ?var ro:concretizes ?var ?var ro:has_part ?var . primary purpose specification ?var ro:has_part ?var . ?var a obi:objective_specification ; cmeo:has_value ?var . inclusion criteria pattern (optional) optional { ?var ro:has_part ?var . ?var a obi:inclusion_criterion ; cmeo:has_value ?var . } filter for diabetes disease filter( regex(lcase(str(?purpose)), 'diabetes') || (bound(?inclusion) && regex(lcase(str(?inclusion)), 'diabetes')) ) } }","prefix rdf: rdf: prefix rdfs: rdfs: prefix xsd: <http://www.w3.org/2001/xmlschema#> prefix dc: dc: prefix bfo: bfo: prefix obi: obi: prefix ro: ro: prefix iao: iao: prefix sio: sio: prefix duo: duo: prefix obcs: obcs: prefix stato: stato: prefix cdi: <http://ddialliance.org/specification/ddi-cdi/1.0/rdf/> prefix cd: cd: prefix cmeo: cmeo: select distinct ?var ?var ?var where { graph cmeo:graph/studies_metadata { ?var a obi:study_design_execution ; dc:identifier ?var ; ro:concretizes ?var . ?var ro:has_part ?var . ?var ro:has_part ?var . ?var a obi:objective_specification ; cmeo:has_value ?var . optional { ?var ro:has_part ?var . ?var a obi:inclusion_criterion ; cmeo:has_value ?var . } filter( regex(lcase(str(?purpose)), 'diabetes') || (bound(?inclusion) && regex(lcase(str(?inclusion)), 'diabetes')) ) } }","prefix rdf: rdf: prefix rdfs: rdfs: prefix xsd: <http://www.w3.org/2001/xmlschema#> prefix dc: dc: prefix bfo: bfo: prefix obi: obi: prefix ro: ro: prefix iao: iao: prefix sio: sio: prefix duo: duo: prefix obcs: obcs: prefix stato: stato: prefix cdi: <http://ddialliance.org/specification/ddi-cdi/1.0/rdf/> prefix cd: cd: prefix cmeo: cmeo: select distinct ?var where { graph cmeo:graph/studies_metadata { ?var a obi:study_design_execution ; dc:identifier ?var ro:concretizes ?var ?var ro:has_part ?var . primary purpose specification ?var ro:has_part ?var . ?var a obi:objective_specification ; cmeo:has_value ?var . inclusion criteria pattern (optional) optional { ?var ro:has_part ?var . ?var a obi:inclusion_criterion ; cmeo:has_value ?var . } filter: only include studies where the primary purpose or inclusion criteria contain ""diabetes disease"" filter( regex(lcase(str(?purpose)), 'diabetes disease') || (bound(?inclusion) && regex(lcase(str(?inclusion)), 'diabetes disease')) ) } }","prefix rdf: rdf: prefix rdfs: rdfs: prefix xsd: <http://www.w3.org/2001/xmlschema#> prefix dc: dc: prefix bfo: bfo: prefix obi: obi: prefix ro: ro: prefix iao: iao: prefix sio: sio: prefix duo: duo: prefix obcs: obcs: prefix stato: stato: prefix cdi: <http://ddialliance.org/specification/ddi-cdi/1.0/rdf/> prefix cd: cd: prefix cmeo: cmeo: select distinct ?var ?var ?var where { graph cmeo:graph/studies_metadata { ?var a obi:study_design_execution ; dc:identifier ?var ro:concretizes ?var ?var ro:has_part ?var . primary purpose specification ?var ro:has_part ?var . ?var a obi:objective_specification ; cmeo:has_value ?var . inclusion criteria pattern (optional) optional { ?var ro:has_part ?var . ?var a obi:inclusion_criterion ; cmeo:has_value ?var . } filter: only include studies where the primary purpose or inclusion criteria contain ""diabetes"" filter( regex(lcase(str(?purpose)), 'diabetes') || (bound(?inclusion) && regex(lcase(str(?inclusion)), 'diabetes')) ) } }"
1,"prefix rdf: rdf: prefix rdfs: rdfs: prefix xsd: <http://www.w3.org/2001/xmlschema#> prefix dc: dc: prefix bfo: bfo: prefix obi: obi: prefix ro: ro: prefix iao: iao: prefix sio: sio: prefix duo: duo: prefix obcs: obcs: prefix stato: stato: prefix cdi: <http://ddialliance.org/specification/ddi-cdi/1.0/rdf/> prefix cd: cd: prefix cmeo: cmeo: select distinct ?var ?var ?var where { graph cmeo:graph/studies_metadata { ?var a obi:study_design_execution ; dc:identifier ?var ro:concretizes ?var ?var ro:has_part ?var . primary purpose specification ?var ro:has_part ?var . ?var a obi:objective_specification ; cmeo:has_value ?var . inclusion criteria pattern (optional) optional { ?var ro:has_part ?var . ?var a obi:inclusion_criterion ; cmeo:has_value ?var . } filter: only include studies where the primary purpose or inclusion criteria contain ""coronary heart disease"" filter( regex(lcase(str(?purpose)), 'coronary heart disease') || (bound(?inclusion) && regex(lcase(str(?inclusion)), 'coronary heart disease')) ) } }","prefix rdf: rdf: prefix rdfs: rdfs: prefix xsd: <http://www.w3.org/2001/xmlschema#> prefix dc: dc: prefix bfo: bfo: prefix obi: obi: prefix ro: ro: prefix iao: iao: prefix sio: sio: prefix duo: duo: prefix obcs: obcs: prefix stato: stato: prefix cdi: <http://ddialliance.org/specification/ddi-cdi/1.0/rdf/> prefix cd: cd: prefix cmeo: cmeo: select distinct ?var ?var ?var where { graph cmeo:graph/studies_metadata { ?var a obi:study_design_execution ; dc:identifier ?var ; ro:concretizes ?var . ?var ro:has_part ?var . ?var ro:has_part ?var . ?var a obi:objective_specification ; cmeo:has_value ?var . optional { ?var ro:has_part ?var . ?var a obi:inclusion_criterion ; cmeo:has_value ?var . } filter( regex(lcase(str(?purpose)), 'coronary heart disease') || (bound(?inclusion) && regex(lcase(str(?inclusion)), 'coronary heart disease')) ) } }","prefix rdf: rdf: prefix rdfs: rdfs: prefix xsd: <http://www.w3.org/2001/xmlschema#> prefix dc: dc: prefix bfo: bfo: prefix obi: obi: prefix ro: ro: prefix iao: iao: prefix sio: sio: prefix duo: duo: prefix obcs: obcs: prefix stato: stato: prefix cdi: <http://ddialliance.org/specification/ddi-cdi/1.0/rdf/> prefix cd: cd: prefix cmeo: cmeo: select distinct ?var ?var ?var where { graph cmeo:graph/studies_metadata { ?var a obi:study_design_execution ; dc:identifier ?var ; ro:concretizes ?var . ?var ro:has_part ?var . ?var ro:has_part ?var . ?var a obi:objective_specification ; cmeo:has_value ?var . optional { ?var ro:has_part ?var . ?var a obi:inclusion_criterion ; cmeo:has_value ?var . } filter( regex(lcase(str(?purpose)), 'coronary heart disease') || (bound(?inclusion) && regex(lcase(str(?inclusion)), 'coronary heart disease')) ) } }","prefix rdf: rdf: prefix rdfs: rdfs: prefix xsd: <http://www.w3.org/2001/xmlschema#> prefix dc: dc: prefix bfo: bfo: prefix obi: obi: prefix ro: ro: prefix iao: iao: prefix sio: sio: prefix duo: duo: prefix obcs: obcs: prefix stato: stato: prefix cdi: <http://ddialliance.org/specification/ddi-cdi/1.0/rdf/> prefix cd: cd: prefix cmeo: cmeo: select distinct ?var ?var ?var where { graph cmeo:graph/studies_metadata { ?var a obi:study_design_execution ; dc:identifier ?var ro:concretizes ?var . ?var ro:has_part ?var . primary purpose specification ?var ro:has_part ?var . ?var a obi:objective_specification ; cmeo:has_value ?var . inclusion criteria pattern (optional) optional { ?var ro:has_part ?var . ?var a obi:inclusion_criterion ; cmeo:has_value ?var . } filter: only include studies where the primary purpose or inclusion criteria contain ""coronary heart disease"" filter( regex(lcase(str(?purpose)), 'coronary heart disease') || (bound(?inclusion) && regex(lcase(str(?inclusion)), 'coronary heart disease')) ) } }","prefix rdf: rdf: prefix rdfs: rdfs: prefix xsd: <http://www.w3.org/2001/xmlschema#> prefix dc: dc: prefix bfo: bfo: prefix obi: obi: prefix ro: ro: prefix iao: iao: prefix sio: sio: prefix duo: duo: prefix obcs: obcs: prefix stato: stato: prefix cdi: <http://ddialliance.org/specification/ddi-cdi/1.0/rdf/> prefix cd: cd: prefix cmeo: cmeo: select distinct ?var ?var ?var where { graph cmeo:graph/studies_metadata { ?var a obi:study_design_execution ; dc:identifier ?var ro:concretizes ?var ?var ro:has_part ?var . primary purpose specification ?var ro:has_part ?var . ?var a obi:objective_specification ; cmeo:has_value ?var . inclusion criteria pattern (optional) optional { ?var ro:has_part ?var . ?var a obi:inclusion_criterion ; cmeo:has_value ?var . } filter: only include studies where the primary purpose or inclusion criteria contain ""coronary heart disease"" filter( regex(lcase(str(?purpose)), 'coronary heart disease') || (bound(?inclusion) && regex(lcase(str(?inclusion)), 'coronary heart disease')) ) } }"
2,prefix rdf: rdf: prefix rdfs: rdfs: prefix xsd: <http://www.w3.org/2001/xmlschema#> prefix dc: dc: prefix bfo: bfo: prefix obi: obi: prefix ro: ro: prefix iao: iao: prefix sio: sio: prefix duo: duo: prefix obcs: obcs: prefix stato: stato: prefix cdi: <http://ddialliance.org/specification/ddi-cdi/1.0/rdf/> prefix cd: cd: prefix cmeo: cmeo: select (count(?data_element) as ?var where { graph cmeo:graph/studies_metadata { ?var a obi:study_design_execution; dc:identifier 'time-chf'; ro:concretizes ?var . ?var ro:has_part ?var . ?var ro:has_part ?var ?var a cmeo:study_design_variable_specification; ro:has_part ?var } },"prefix rdf: rdf: prefix rdfs: rdfs: prefix xsd: <http://www.w3.org/2001/xmlschema#> prefix dc: dc: prefix bfo: bfo: prefix obi: obi: prefix ro: ro: prefix iao: iao: prefix sio: sio: prefix duo: duo: prefix obcs: obcs: prefix stato: stato: prefix cdi: <http://ddialliance.org/specification/ddi-cdi/1.0/rdf/> prefix cd: cd: prefix cmeo: cmeo: select (count(?data_element) as ?var where { graph cmeo:graph/studies_metadata { ?var a obi:study_design_execution ; dc:identifier ""time-chf"" ; ro:concretizes ?var . ?var ro:has_part ?var . ?var ro:has_part ?var . ?var a cmeo:study_design_variable_specification ; ro:has_part ?var . } }","prefix rdf: rdf: prefix rdfs: rdfs: prefix xsd: <http://www.w3.org/2001/xmlschema#> prefix dc: dc: prefix bfo: bfo: prefix obi: obi: prefix ro: ro: prefix iao: iao: prefix sio: sio: prefix duo: duo: prefix obcs: obcs: prefix stato: stato: prefix cdi: <http://ddialliance.org/specification/ddi-cdi/1.0/rdf/> prefix cd: cd: prefix cmeo: cmeo: select (count(?variable) as ?var where { graph cmeo:graph/studies_metadata { ?var a obi:study_design_execution ; dc:identifier ""time-chf""^^xsd:string ; ro:concretizes ?var . ?var ro:has_part ?var . ?var ro:has_part ?var . ?var a cmeo:study_design_variable_specification ; ro:has_part ?var . } }",prefix rdf: rdf: prefix rdfs: rdfs: prefix xsd: <http://www.w3.org/2001/xmlschema#> prefix dc: dc: prefix bfo: bfo: prefix obi: obi: prefix ro: ro: prefix iao: iao: prefix sio: sio: prefix duo: duo: prefix obcs: obcs: prefix stato: stato: prefix cdi: <http://ddialliance.org/specification/ddi-cdi/1.0/rdf/> prefix cd: cd: prefix cmeo: cmeo: select (count(?data_element) as ?var where { graph cmeo:graph/studies_metadata { ?var a obi:study_design_execution; dc:identifier 'time-chf'; ro:concretizes ?var . ?var ro:has_part ?var . ?var ro:has_part ?var ?var a cmeo:study_design_variable_specification; ro:has_part ?var } },"prefix rdf: rdf: prefix rdfs: rdfs: prefix xsd: <http://www.w3.org/2001/xmlschema#> prefix dc: dc: prefix bfo: bfo: prefix obi: obi: prefix ro: ro: prefix iao: iao: prefix sio: sio: prefix duo: duo: prefix obcs: obcs: prefix stato: stato: prefix cdi: <http://ddialliance.org/specification/ddi-cdi/1.0/rdf/> prefix cd: cd: prefix cmeo: cmeo: select (count(?data_element) as ?var where { graph cmeo:graph/studies_metadata { ?var a obi:study_design_execution; dc:identifier ""time-chf""; ro:concretizes ?var . ?var ro:has_part ?var . ?var ro:has_part ?var ?var a cmeo:study_design_variable_specification; ro:has_part ?var } }"
3,"prefix rdf: rdf: prefix rdfs: rdfs: prefix xsd: <http://www.w3.org/2001/xmlschema#> prefix dc: dc: prefix bfo: bfo: prefix obi: obi: prefix ro: ro: prefix iao: iao: prefix sio: sio: prefix duo: duo: prefix obcs: obcs: prefix stato: stato: prefix cdi: <http://ddialliance.org/specification/ddi-cdi/1.0/rdf/> prefix cd: cd: prefix cmeo: cmeo: select (count(?data_element) as ?var where { graph cmeo:graph/studies_metadata { ?var a obi:study_design_execution; dc:identifier 'time-chf'; ro:concretizes ?var . ?var ro:has_part ?var . ?var ro:has_part ?var ?var a cmeo:study_design_variable_specification; ro:has_part ?var } graph ?var { ?var a cmeo:data_element; obi:is_specified_input_of ?var ?var . ?var a cmeo:categorization_process ; obi:has_specified_output ?var . ?var cmeo:has_value ""drug_exposure"". } }","prefix rdf: rdf: prefix rdfs: rdfs: prefix xsd: <http://www.w3.org/2001/xmlschema#> prefix dc: dc: prefix bfo: bfo: prefix obi: obi: prefix ro: ro: prefix iao: iao: prefix sio: sio: prefix duo: duo: prefix obcs: obcs: prefix stato: stato: prefix cdi: <http://ddialliance.org/specification/ddi-cdi/1.0/rdf/> prefix cd: cd: prefix cmeo: cmeo: select (count(?data_element) as ?var where { graph cmeo:graph/studies_metadata { ?var a obi:study_design_execution ; dc:identifier ""time-chf"" ; ro:concretizes ?var . ?var ro:has_part ?var . ?var ro:has_part ?var . ?var a cmeo:study_design_variable_specification ; ro:has_part ?var . ?var cmeo:has_value ?var . filter(regex(lcase(str(?value)), ""drug"")) } }","prefix rdf: rdf: prefix rdfs: rdfs: prefix xsd: <http://www.w3.org/2001/xmlschema#> prefix dc: dc: prefix bfo: bfo: prefix obi: obi: prefix ro: ro: prefix iao: iao: prefix sio: sio: prefix duo: duo: prefix obcs: obcs: prefix stato: stato: prefix cdi: <http://ddialliance.org/specification/ddi-cdi/1.0/rdf/> prefix cd: cd: prefix cmeo: cmeo: select (count(?data_element) as ?var where { graph cmeo:graph/studies_metadata { ?var a obi:study_design_execution; dc:identifier 'time-chf'; ro:concretizes ?var . ?var ro:has_part ?var . ?var ro:has_part ?var ?var a cmeo:study_design_variable_specification; ro:has_part ?var ?var rdfs:label ?var . filter(regex(lcase(str(?label)), 'drug')) } }","prefix rdf: rdf: prefix rdfs: rdfs: prefix xsd: <http://www.w3.org/2001/xmlschema#> prefix dc: dc: prefix bfo: bfo: prefix obi: obi: prefix ro: ro: prefix iao: iao: prefix sio: sio: prefix duo: duo: prefix obcs: obcs: prefix stato: stato: prefix cdi: <http://ddialliance.org/specification/ddi-cdi/1.0/rdf/> prefix cd: cd: prefix cmeo: cmeo: select (count(?data_element) as ?var where { graph cmeo:graph/studies_metadata { ?var a obi:study_design_execution; dc:identifier 'time-chf'; ro:concretizes ?var . ?var ro:has_part ?var . ?var ro:has_part ?var ?var a cmeo:study_design_variable_specification; ro:has_part ?var cmeo:has_value ?var . filter( regex(lcase(str(?drug_label)), 'drug') ) } }",prefix rdf: rdf: prefix rdfs: rdfs: prefix xsd: <http://www.w3.org/2001/xmlschema#> prefix dc: dc: prefix bfo: bfo: prefix obi: obi: prefix ro: ro: prefix iao: iao: prefix sio: sio: prefix duo: duo: prefix obcs: obcs: prefix stato: stato: prefix cdi: <http://ddialliance.org/specification/ddi-cdi/1.0/rdf/> prefix cd: cd: prefix cmeo: cmeo: select (count(?data_element) as ?var where { graph cmeo:graph/studies_metadata { ?var a obi:study_design_execution; dc:identifier 'time-chf'; ro:concretizes ?var . ?var ro:has_part ?var . ?var ro:has_part ?var ?var a cmeo:study_design_variable_specification; ro:has_part ?var filter(?data_element rdf:resourcetype cmeo:intervention_specification || ?var rdf:resourcetype obi:health_status_inclusion_criterion || ?var rdf:resourcetype obi:age_group_inclusion_criterion) } }
4,"prefix rdf: rdf: prefix rdfs: rdfs: prefix xsd: <http://www.w3.org/2001/xmlschema#> prefix dc: dc: prefix bfo: bfo: prefix obi: obi: prefix ro: ro: prefix iao: iao: prefix sio: sio: prefix duo: duo: prefix obcs: obcs: prefix stato: stato: prefix cdi: <http://ddialliance.org/specification/ddi-cdi/1.0/rdf/> prefix cd: cd: prefix cmeo: cmeo: select ?var (group_concat(distinct coalesce(?part_uri); separator="";"") as ?var (group_concat(distinct coalesce(?part_value); separator="";"") as ?var where { graph cmeo:graph/studies_metadata { ?var a cmeo:randomized_controlled_trial; ro:has_part ?var dc:identifier ?var ?var a obi:protocol; (ro:has_part)+ ?var . ?var cmeo:has_value ?var } } group by ?var",prefix rdf: rdf: prefix rdfs: rdfs: prefix xsd: <http://www.w3.org/2001/xmlschema#> prefix dc: dc: prefix bfo: bfo: prefix obi: obi: prefix ro: ro: prefix iao: iao: prefix sio: sio: prefix duo: duo: prefix obcs: obcs: prefix stato: stato: prefix cdi: <http://ddialliance.org/specification/ddi-cdi/1.0/rdf/> prefix cd: cd: prefix cmeo: cmeo: select distinct ?var ?var ?var ?var where { graph cmeo:graph/studies_metadata { ?var a cmeo:randomized_controlled_trial ; dc:identifier ?var ; ro:has_part ?var . ?var a obi:protocol ; ro:has_part ?var . optional { ?var cmeo:has_value ?var . } } } order by ?var,prefix rdf: rdf: prefix rdfs: rdfs: prefix xsd: <http://www.w3.org/2001/xmlschema#> prefix dc: dc: prefix bfo: bfo: prefix obi: obi: prefix ro: ro: prefix iao: iao: prefix sio: sio: prefix duo: duo: prefix obcs: obcs: prefix stato: stato: prefix cdi: <http://ddialliance.org/specification/ddi-cdi/1.0/rdf/> prefix cd: cd: prefix cmeo: cmeo: select ?var ?var ?var where { graph cmeo:graph/studies_metadata { ?var a cmeo:randomized_controlled_trial ; dc:identifier ?var ; ro:has_part ?var . ?var a obi:protocol ; ro:has_part ?var . optional { ?var cmeo:has_value ?var } } },"prefix rdfs: rdfs: prefix xsd: <http://www.w3.org/2001/xmlschema#> prefix dc: dc: prefix bfo: bfo: prefix obi: obi: prefix ro: ro: prefix iao: iao: prefix sio: sio: prefix duo: duo: prefix obcs: obcs: prefix stato: stato: prefix cdi: <http://ddialliance.org/specification/ddi-cdi/1.0/rdf/> prefix cd: cd: prefix cmeo: cmeo: select ?var (group_concat(distinct lcase(str(?quality_value)); separator=""; "") as ?var where { graph cmeo:graph/studies_metadata { ?var a cmeo:randomized_controlled_trial ; ro:has_part ?var . ?var a obi:protocol ; cmeo:has_value ?var . optional { ?var ro:has_part ?var ; ?var a ?var } } } group by ?var limit 3","prefix rdfs: rdfs: prefix xsd: <http://www.w3.org/2001/xmlschema#> prefix dc: dc: prefix bfo: bfo: prefix obi: obi: prefix ro: ro: prefix iao: iao: prefix sio: sio: prefix duo: duo: prefix obcs: obcs: prefix stato: stato: prefix cdi: <http://ddialliance.org/specification/ddi-cdi/1.0/rdf/> prefix cd: cd: prefix cmeo: cmeo: select ?var (group_concat(distinct lcase(str(?protocol)); separator=""; "") as ?var where { graph cmeo:graph/studies_metadata { ?var dc:identifier ?var ; ro:has_part ?var . ?var a obi:protocol ; ro:has_part ?var . ?var a obi:eligibility_criterion ; ro:is_concretized_by ?var . ?var ro:has_output ?var . } filter(?study_design dc:identifier ""/randomized controlled trial/"") } group by ?var"
5,"prefix rdf: rdf: prefix rdfs: rdfs: prefix xsd: <http://www.w3.org/2001/xmlschema#> prefix dc: dc: prefix bfo: bfo: prefix obi: obi: prefix ro: ro: prefix iao: iao: prefix sio: sio: prefix duo: duo: prefix obcs: obcs: prefix stato: stato: prefix cdi: <http://ddialliance.org/specification/ddi-cdi/1.0/rdf/> prefix cd: cd: prefix cmeo: cmeo: select distinct ?var ?var where { graph cmeo:graph/studies_metadata { ?var dc:identifier ?var iao:is_about ?var ro:has_part ?var . ?var rdfs:label ?var ?var a obi:protocol; ro:has_part ?var ?var a obi:objective_specification ; cmeo:has_value ?var ?var ro:has_part ?var ?var a obi:eligibility_criterion; ro:has_part ?var ?var a obi:inclusion_criterion; ro:has_part ?var ?var cmeo:has_value ?var filter(contains (?obj_val,""heart failure"") || contains (?inc_value,""heart failure"")) } }","prefix rdf: rdf: prefix rdfs: rdfs: prefix xsd: <http://www.w3.org/2001/xmlschema#> prefix dc: dc: prefix bfo: bfo: prefix obi: obi: prefix ro: ro: prefix iao: iao: prefix sio: sio: prefix duo: duo: prefix obcs: obcs: prefix stato: stato: prefix cdi: <http://ddialliance.org/specification/ddi-cdi/1.0/rdf/> prefix cd: cd: prefix cmeo: cmeo: select distinct ?var where { graph cmeo:graph/studies_metadata { ?var a cmeo:randomized_controlled_trial ; dc:identifier ?var ; ro:has_part ?var . ?var a obi:protocol ; ro:has_part ?var . ?var a obi:eligibility_criterion ; ro:has_part ?var . ?var a obi:inclusion_criterion ; ro:has_part ?var . ?var a obi:health_status_inclusion_criterion ; cmeo:has_value ?var . filter(contains(lcase(str(?condition_value)), ""heart failure"")) } } order by ?var","prefix rdf: rdf: prefix rdfs: rdfs: prefix xsd: <http://www.w3.org/2001/xmlschema#> prefix dc: dc: prefix bfo: bfo: prefix obi: obi: prefix ro: ro: prefix iao: iao: prefix sio: sio: prefix duo: duo: prefix obcs: obcs: prefix stato: stato: prefix cdi: <http://ddialliance.org/specification/ddi-cdi/1.0/rdf/> prefix cd: cd: prefix cmeo: cmeo: select distinct ?var where { graph cmeo:graph/studies_metadata { ?var dc:identifier ?var ; ro:has_part ?var . ?var a obi:protocol ; ro:has_part ?var . ?var a obi:eligibility_criterion ; ro:has_part ?var . ?var a obi:inclusion_criterion ; ro:has_part ?var . ?var a obi:health_status_inclusion_criterion ; cmeo:has_value ?var . filter(contains(lcase(?health_value), ""heart failure"")) } } order by ?var","prefix rdf: rdf: prefix rdfs: rdfs: prefix xsd: <http://www.w3.org/2001/xmlschema#> prefix dc: dc: prefix bfo: bfo: prefix obi: obi: prefix ro: ro: prefix iao: iao: prefix sio: sio: prefix duo: duo: prefix obcs: obcs: prefix stato: stato: prefix cdi: <http://ddialliance.org/specification/ddi-cdi/1.0/rdf/> prefix cd: cd: prefix cmeo: cmeo: select ?var where { graph cmeo:graph/studies_metadata { ?var a obi:randomized_controlled_trial ; ro:is_concretized_by ?var . ?var a cmeo:study_design ; rdfs:label ""heart failure condition""^^xsd:string ; iao:is_about ?var . optional { ?var rdfs:label ""congestive heart failure""^^xsd:string } optional { ?var cmeo:has_value ""42343007""^^xsd:string } } }","prefix rdf: rdf: prefix rdfs: rdfs: prefix xsd: <http://www.w3.org/2001/xmlschema#> prefix dc: dc: prefix bfo: bfo: prefix obi: obi: prefix ro: ro: prefix iao: iao: prefix sio: sio: prefix duo: duo: prefix obcs: obcs: prefix stato: stato: prefix cdi: <http://ddialliance.org/specification/ddi-cdi/1.0/rdf/> prefix cd: cd: prefix cmeo: cmeo: select distinct ?var where { graph cmeo:graph/studies_metadata { ?var dc:identifier ?var ro:has_part ?var . ?var a obi:protocol; population from inclusion criteria ro:has_part ?var . ?var a obi:inclusion_criteria ; ro:has_part ?var optional{ ?var a obi:health_status_inclusion_criteria; cmeo:has_value ""42343007""^^xsd:string . } } } group by ?var"
6,"prefix rdf: rdf: prefix rdfs: rdfs: prefix xsd: <http://www.w3.org/2001/xmlschema#> prefix dc: dc: prefix bfo: bfo: prefix obi: obi: prefix ro: ro: prefix iao: iao: prefix sio: sio: prefix duo: duo: prefix obcs: obcs: prefix stato: stato: prefix cdi: <http://ddialliance.org/specification/ddi-cdi/1.0/rdf/> prefix cd: cd: prefix cmeo: cmeo: select ?var (group_concat(distinct lcase(str(?quality_value)); separator=""; "") as ?var (group_concat(distinct lcase(str(?quality_type)); separator=""; "") as ?var where { graph cmeo:graph/studies_metadata { ?var dc:identifier ?var ; ro:has_part ?var . ?var a obi:protocol ; ro:has_part ?var . ?var a obi:eligibility_criterion ; ro:is_concretized_by ?var . ?var ro:has_output ?var . ?var a obi:population ; ro:has_characteristic ?var . optional { ?var rdfs:label ?var } optional { ?var a ?var } } } group by ?var limit 3","prefix rdf: rdf: prefix rdfs: rdfs: prefix xsd: <http://www.w3.org/2001/xmlschema#> prefix dc: dc: prefix bfo: bfo: prefix obi: obi: prefix ro: ro: prefix iao: iao: prefix sio: sio: prefix duo: duo: prefix obcs: obcs: prefix stato: stato: prefix cdi: <http://ddialliance.org/specification/ddi-cdi/1.0/rdf/> prefix cd: cd: prefix cmeo: cmeo: select distinct ?var (group_concat(distinct lcase(str(?population_value)); separator=""; "") as ?var where { graph cmeo:graph/studies_metadata { ?var dc:identifier ?var ; ro:has_part ?var . ?var a obi:protocol ; ro:has_part ?var . ?var a obi:eligibility_criterion ; ro:has_part ?var . ?var a obi:inclusion_criterion ; ro:has_part ?var . ?var cmeo:has_value ?var . } } group by ?var","prefix rdf: rdf: prefix rdfs: rdfs: prefix xsd: <http://www.w3.org/2001/xmlschema#> prefix dc: dc: prefix bfo: bfo: prefix obi: obi: prefix ro: ro: prefix iao: iao: prefix sio: sio: prefix duo: duo: prefix obcs: obcs: prefix stato: stato: prefix cdi: <http://ddialliance.org/specification/ddi-cdi/1.0/rdf/> prefix cd: cd: prefix cmeo: cmeo: select distinct ?var (group_concat(distinct ?var separator=""; "") as ?var (group_concat(distinct ?var separator=""; "") as ?var (group_concat(distinct ?var separator=""; "") as ?var (group_concat(distinct ?var separator=""; "") as ?var (group_concat(distinct ?var separator=""; "") as ?var where { graph cmeo:graph/studies_metadata { ?var dc:identifier ?var ro:has_part ?var . ?var a obi:protocol; ro:has_part ?var . ?var a obi:eligibility_criterion; ro:has_part ?var . ?var a obi:inclusion_criterion; ro:has_part ?var . optional { ?var a obi:health_status_inclusion_criterion; cmeo:has_value ?var . } optional { ?var a obi:age_group_inclusion_criterion; cmeo:has_value ?var . optional { ?var ro:has_part ?var . ?var a obi:minimum_age_value_specification; cmeo:has_value ?var . } optional { ?var ro:has_part ?var . ?var a obi:maximum_age_value_specification; cmeo:has_value ?var . } } optional { ?var a obi:sex_inclusion_criterion; cmeo:has_value ?var . } } } group by ?var","prefix rdf: rdf: prefix rdfs: rdfs: prefix xsd: <http://www.w3.org/2001/xmlschema#> prefix dc: dc: prefix bfo: bfo: prefix obi: obi: prefix ro: ro: prefix iao: iao: prefix sio: sio: prefix duo: duo: prefix obcs: obcs: prefix stato: stato: prefix cdi: <http://ddialliance.org/specification/ddi-cdi/1.0/rdf/> prefix cd: cd: prefix cmeo: cmeo: select distinct ?var (group_concat(distinct coalesce(?age_group_inclusion_criterion); separator="";"") as ?var where { graph cmeo:graph/studies_metadata { ?var a cmeo:randomized_controlled_trial; ro:has_part ?var . ?var a obi:protocol ; ro:has_part ?var . ?var a obi:age_group_inclusion_criterion ; cmeo:has_value ?var ?var . } } group by ?var","prefix rdf: rdf: prefix rdfs: rdfs: prefix xsd: <http://www.w3.org/2001/xmlschema#> prefix dc: dc: prefix bfo: bfo: prefix obi: obi: prefix ro: ro: prefix iao: iao: prefix sio: sio: prefix duo: duo: prefix obcs: obcs: prefix stato: stato: prefix cdi: <http://ddialliance.org/specification/ddi-cdi/1.0/rdf/> prefix cd: cd: prefix cmeo: cmeo: select distinct ?var (group_concat(distinct coalesce(str(?diagnosis), "" no diagnosis specified; "") as ?var (group_concat(distinct coalesce(str(?age_range), "" age not specified; "") as ?var (group_concat(distinct coalesce(str(?gender), "" gender not specified; "") as ?var where { graph cmeo:graph/studies_metadata { ?var dc:identifier ?var ro:has_part ?var . ?var a obi:protocol; (ro:has_part)+ ?var . diagnosis from inclusion criteria optional{ ?var a obi:eligibility_criterion ; cmeo:has_value ?var . } age from inclusion criteria optional{ ?var a obi:age_group_inclusion_criterion; ro:has_part ?var ?var ?var a obi:minimum_age_value_specification ; cmeo:has_value ?var . ?var a obi:maximum_age_value_specification; cmeo:has_value ?var . bind(concat(str(?start_age), "" - "", str(?end_age)) as ?var } gender from inclusion criteria optional{ ?var a obi:sex_inclusion_criterion ; cmeo:has_value ?var . } } } group by ?var"
7,"prefix rdf: rdf: prefix rdfs: rdfs: prefix xsd: <http://www.w3.org/2001/xmlschema#> prefix dc: dc: prefix bfo: bfo: prefix obi: obi: prefix ro: ro: prefix iao: iao: prefix sio: sio: prefix duo: duo: prefix obcs: obcs: prefix stato: stato: prefix cdi: <http://ddialliance.org/specification/ddi-cdi/1.0/rdf/> prefix cd: cd: prefix cmeo: cmeo: select distinct ?var (group_concat(distinct concat(lcase(str(?diagnosis_value)), "" ["", str(?min_val), ""-"", str(?max_value), ""]""); separator=""; "") as ?var (group_concat(distinct lcase(str(?intervention_value)); separator=""; "") as ?var (group_concat(distinct lcase(str(?comparator_value)); separator=""; "") as ?var (group_concat(distinct lcase(str(?outcome_value)); separator=""; "") as ?var where { graph cmeo:graph/studies_metadata { ?var dc:identifier ?var ro:has_part ?var . ?var a obi:protocol; population from inclusion criteria ro:has_part ?var . ?var a obi:eligibility_criterion ; ro:has_part ?var . ?var a obi:inclusion_criterion ; ro:has_part ?var inclusion optional{ ?var a obi:health_status_inclusion_criterion; cmeo:has_value ?var . filter(contains (?diagnosis_value, ""nyha class ii"")) } inclusion optional{ ?var a obi:age_group_inclusion_criterion; ro:has_part ?var ?var ?var a obi:minimum_age_value_specification; cmeo:has_value ?var ?var a obi:maximum_age_value_specification; cmeo:has_value ?var filter(xsd:integer(?min_val) >= 60 && xsd:integer(?max_value) <= 85) } intervention optional{ ?var ro:has_part ?var . ?var a cmeo:intervention_specification; cmeo:has_value ?var . filter(contains (?intervention_value,""intensified"")) } comparator ?var ro:has_part ?var . ?var a cmeo:comparator_specification ;cmeo:has_value ?var . filter(contains (?comparator_value,""standard guided"")) outcomes } optional{ ?var ro:has_part ?var . ?var a cmeo:outcome_specification ; ro:has_part ?var ?var cmeo:has_value ?var . filter(contains (?outcome_value,""survival"")) } } group by ?var",prefix rdf: rdf: prefix rdfs: rdfs: prefix xsd: <http://www.w3.org/2001/xmlschema#> prefix dc: dc: prefix bfo: bfo: prefix obi: obi: prefix ro: ro: prefix iao: iao: prefix sio: sio: prefix duo: duo: prefix obcs: obcs: prefix stato: stato: prefix cdi: <http://ddialliance.org/specification/ddi-cdi/1.0/rdf/> prefix cd: cd: prefix cmeo: cmeo: select distinct ?var ?var ?var ?var ?var where { graph cmeo:graph/studies_metadata { ?var dc:identifier ?var ; ro:has_part ?var . ?var a obi:protocol ; ro:has_part ?var ?var ?var ?var . ?var a obi:eligibility_criterion ; cmeo:has_value ?var . ?var a cmeo:intervention_specification ; cmeo:has_value ?var . ?var a cmeo:comparator_specification ; cmeo:has_value ?var . ?var a cmeo:outcome_specification ; cmeo:has_value ?var . } },prefix rdf: rdf: prefix rdfs: rdfs: prefix xsd: <http://www.w3.org/2001/xmlschema#> prefix dc: dc: prefix bfo: bfo: prefix obi: obi: prefix ro: ro: prefix iao: iao: prefix sio: sio: prefix duo: duo: prefix obcs: obcs: prefix stato: stato: prefix cdi: <http://ddialliance.org/specification/ddi-cdi/1.0/rdf/> prefix cd: cd: prefix cmeo: cmeo: select distinct ?var ?var ?var ?var ?var where { graph cmeo:graph/studies_metadata { ?var dc:identifier ?var ; ro:has_part ?var . ?var a obi:protocol ; ro:has_part ?var ?var ?var ?var . ?var a obi:eligibility_criterion ; ro:has_part ?var . ?var a obi:inclusion_criterion ; cmeo:has_value ?var . ?var a cmeo:intervention_specification ; cmeo:has_value ?var . ?var a cmeo:comparator_specification ; cmeo:has_value ?var . ?var a cmeo:outcome_specification ; ro:has_part ?var . ?var cmeo:has_value ?var . } },"prefix rdf: rdf: prefix rdfs: rdfs: prefix xsd: <http://www.w3.org/2001/xmlschema#> prefix dc: dc: prefix bfo: bfo: prefix obi: obi: prefix ro: ro: prefix iao: iao: prefix sio: sio: prefix duo: duo: prefix obcs: obcs: prefix stato: stato: prefix cdi: <http://ddialliance.org/specification/ddi-cdi/1.0/rdf/> prefix cd: cd: prefix cmeo: cmeo: select distinct ?var ?var where { graph cmeo:graph/studies_metadata { ?var dc:identifier ?var iao:is_about ?var ro:has_part ?var . ?var rdfs:label ?var ?var a obi:protocol; ro:has_part ?var ?var a obi:objective_specification ; cmeo:has_value ?var ?var ro:has_part ?var ?var a obi:eligibility_criterion; ro:has_part ?var ?var a obi:inclusion_criterion; ro:has_part ?var ?var cmeo:has_value ?var filter(contains (?obj_val,""intervention"") || contains (?inc_value,""condition"") || contains (?description,""outcome"")) } }","prefix rdf: rdf: prefix rdfs: rdfs: prefix xsd: <http://www.w3.org/2001/xmlschema#> prefix dc: dc: prefix bfo: bfo: prefix obi: obi: prefix ro: ro: prefix iao: iao: prefix sio: sio: prefix duo: duo: prefix obcs: obcs: prefix stato: stato: prefix cdi: <http://ddialliance.org/specification/ddi-cdi/1.0/rdf/> prefix cd: cd: prefix cmeo: cmeo: select distinct ?var ?var where { graph cmeo:graph/studies_metadata { ?var a cmeo:randomized_controlled_trial ; dc:identifier ?var ; ro:part_of / obi:protocol ?var . ?var ro:has_part ?var . ?var a obi:eligibility_criterion ; ro:has_part ?var . ?var cmeo:has_value ?var . filter(contains(str(?population), ""heart failure"")) . ?var ro:has_part ?var . ?var cmeo:intervention_specification ; cmeo:has_value ?var . filter(contains(str(?intervention), "" heart failure condition"")) . ?var ro:has_part ?var . ?var a obi:inclusion_criterion ; ro:has_part ?var . ?var cmeo:has_value ?var . filter(contains(str(?condition), ""heart failure"")) . ?var ro:has_part ?var . ?var a cmeo:outcome_specification ; ro:has_part ?var . ?var cmeo:has_value ?var . filter(contains(str(?outcome), ""heart failure"")) . } }"
8,"prefix rdf: rdf: prefix rdfs: rdfs: prefix xsd: <http://www.w3.org/2001/xmlschema#> prefix dc: dc: prefix bfo: bfo: prefix obi: obi: prefix ro: ro: prefix iao: iao: prefix sio: sio: prefix duo: duo: prefix obcs: obcs: prefix stato: stato: prefix cdi: <http://ddialliance.org/specification/ddi-cdi/1.0/rdf/> prefix cd: cd: prefix cmeo: cmeo: select ?var where { graph cmeo:graph/studies_metadata { ?var a cmeo:data_use_permission_assignment ; iao:is_about ?var ; obi:has_specified_output ?var ; obi:has_specified_output ?var . ?var a obi:study_design_execution ; dc:identifier ?var . ?var a duo:data_use_permission ; rdfs:label ""disease specific research""^^xsd:string ; iao:is_about ?var . ?var a duo:data_use_modifier ; rdfs:label ""ethics approval required""^^xsd:string . optional { ?var rdfs:label ""congestive heart failure""^^xsd:string } optional { ?var cmeo:has_value ""42343007""^^xsd:string } } } order by ?var","prefix rdf: rdf: prefix rdfs: rdfs: prefix xsd: <http://www.w3.org/2001/xmlschema#> prefix dc: dc: prefix bfo: bfo: prefix obi: obi: prefix ro: ro: prefix iao: iao: prefix sio: sio: prefix duo: duo: prefix obcs: obcs: prefix stato: stato: prefix cdi: <http://ddialliance.org/specification/ddi-cdi/1.0/rdf/> prefix cd: cd: prefix cmeo: cmeo: select distinct ?var ?var ?var where { graph cmeo:graph/studies_metadata { ?var a obi:study_design_execution ; dc:identifier ?var ; ro:concretizes ?var . ?var ro:has_part ?var . ?var a obi:protocol ; ro:has_part ?var . ?var a obi:objective_specification ; cmeo:has_value ?var . ?var a duo:data_use_permission ; rdfs:label ?var . ?var a duo:data_use_modifier ; rdfs:label ?var . filter( regex(lcase(str(?objective_value)), ""congestive heart failure"") && regex(lcase(str(?permission_label)), ""research"") && regex(lcase(str(?modifier_label)), ""ethics approval required"") ) } }","prefix rdf: rdf: prefix rdfs: rdfs: prefix xsd: <http://www.w3.org/2001/xmlschema#> prefix dc: dc: prefix bfo: bfo: prefix obi: obi: prefix ro: ro: prefix iao: iao: prefix sio: sio: prefix duo: duo: prefix obcs: obcs: prefix stato: stato: prefix cdi: <http://ddialliance.org/specification/ddi-cdi/1.0/rdf/> prefix cd: cd: prefix cmeo: cmeo: select distinct ?var ?var ?var where { graph cmeo:graph/studies_metadata { ?var dc:identifier ?var ; ro:has_part ?var . ?var a obi:protocol ; ro:has_part ?var . ?var a obi:objective_specification ; cmeo:has_value ?var . ?var ro:has_part ?var . ?var cmeo:has_value ?var . filter( (contains(lcase(?purpose), ""congestive heart failure"") || contains(lcase(?purpose), ""heart failure"")) && contains(lcase(?data_access_policy), ""ethics"") && contains(lcase(?data_access_policy), ""research"") ) } }","prefix rdf: rdf: prefix rdfs: rdfs: prefix xsd: <http://www.w3.org/2001/xmlschema#> prefix dc: dc: prefix bfo: bfo: prefix obi: obi: prefix ro: ro: prefix iao: iao: prefix sio: sio: prefix duo: duo: prefix obcs: obcs: prefix stato: stato: prefix cdi: <http://ddialliance.org/specification/ddi-cdi/1.0/rdf/> prefix cd: cd: prefix cmeo: cmeo: select distinct ?var where { graph cmeo:graph/studies_metadata { ?var a obi:study_design_execution ; dc:identifier ?var ro:concretizes ?var . protocol part of study design ?var ro:has_part ?var . permit data access pattern (optional) optional { ?var ro:has_part ?var . ?var a cmeo:data_access ; cmeo:has_value ?var . } ethics approval pattern (optional) optional { ?var ro:concretizes ?var . ?var a obi:ethics_approval ; cmeo:has_value ?var . } filter: only include studies where data access is permitted for research on congestive heart failure filter( (bound(?access_type) && regex(lcase(str(?access_type)), 'research') && contains(regex(lcase(str(?study_name)), 'congestive heart failure'), 'heart failure')) || bound(?approval_status) && regex(lcase(str(?approval_status)), 'approved') ) } }","prefix rdf: rdf: prefix rdfs: rdfs: prefix xsd: <http://www.w3.org/2001/xmlschema#> prefix dc: dc: prefix bfo: bfo: prefix obi: obi: prefix ro: ro: prefix iao: iao: prefix sio: sio: prefix duo: duo: prefix obcs: obcs: prefix stato: stato: prefix cdi: <http://ddialliance.org/specification/ddi-cdi/1.0/rdf/> prefix cd: cd: prefix cmeo: cmeo: select distinct ?var where { graph cmeo:graph/studies_metadata { ?var a cmeo:study_design_execution ; dc:identifier ?var ; ro:concretizes ?var . ?var ro:has_part ?var . ?var a obi:protocol ; ro:has_part ?var ?var a obi:objective_specification ; cmeo:has_value ?var ?var ro:has_part ?var ?var a obi:eligibility_criterion ; ro:has_part ?var ?var a obi:inclusion_criterion ; cmeo:has_value ?var filter(regex(str(?obj_val), ""congestive heart failure"", ""i"") || regex(str(?inc_val), ""congestive heart failure"", ""i"")) optional { ?var ro:has_part ?var ?var cmeo:has_value ?var . } } }"
